{
  "threshold": 0.20695839822292328,
  "sensitivity": 0.9803451581975072,
  "specificity": 0.79443359375,
  "precision": 0.8292781832927818,
  "f2": 0.9458834412580943,
  "roc_auc": 0.9788166459431926,
  "brier_score": 0.051744131036865364,
  "confusion_matrix": [
    [
      1627,
      421
    ],
    [
      41,
      2045
    ]
  ],
  "confidence_intervals_95": {
    "sensitivity": [
      0.9742831358267499,
      0.9856801909307876
    ],
    "specificity": [
      0.7755248784090041,
      0.8118723050092915
    ]
  },
  "model_size_mb": 9.210282325744629,
  "mean_inference_ms_per_image": 7.539818839621282,
  "model": "mobilenet_v2"
}